City_ID,City,Country,Date,Lat,Lng,Max Temp,Humidity,Cloudiness,Wind Speed
0,Rikitea,PF,2021-09-26 03:45:12,-23.1203,-134.9692,73.85,73,59,16.58
1,Khatanga,RU,2021-09-26 03:45:13,71.9667,102.5,35.02,71,91,13.22
2,Albany,US,2021-09-26 03:45:13,42.6001,-73.9662,59.99,90,100,2.55
3,Punta Arenas,CL,2021-09-26 03:42:17,-53.15,-70.9167,37.51,81,75,8.05
4,Qaanaaq,GL,2021-09-26 03:45:14,77.484,-69.3632,17.29,69,64,7.76
5,Sept-Iles,CA,2021-09-26 03:45:14,50.2001,-66.3821,54.12,97,90,1.01
6,Santa Cruz,BO,2021-09-26 03:41:36,-17.8,-63.1667,74.66,64,2,6.91
7,Dongsheng,CN,2021-09-26 03:45:15,39.8161,109.9776,65.95,60,100,6.24
8,Port Alfred,ZA,2021-09-26 03:45:15,-33.5906,26.891,59.94,81,42,9.62
9,Hermanus,ZA,2021-09-26 03:45:15,-34.4187,19.2345,58.89,86,74,6.08
10,Uruacu,BR,2021-09-26 03:45:16,-14.5247,-49.1408,74.64,70,45,2.82
11,Tuktoyaktuk,CA,2021-09-26 03:45:16,69.4541,-133.0374,33.8,100,90,13.8
12,Airai,TL,2021-09-26 03:45:16,-8.9266,125.4092,80.92,33,82,3.83
13,Mataura,NZ,2021-09-26 03:45:17,-46.1927,168.8643,47.48,85,82,5.32
14,Sinnamary,GF,2021-09-26 03:45:17,5.3833,-52.95,79.57,83,33,9.66
15,Ushuaia,AR,2021-09-26 03:41:30,-54.8,-68.3,37.06,75,75,14.97
16,Orissaare,EE,2021-09-26 03:45:18,58.5592,23.0826,47.97,89,13,9.6
17,Invermere,CA,2021-09-26 03:45:18,50.5167,-116.0354,59.18,62,8,2.73
18,Bubaque,GW,2021-09-26 03:45:19,11.2833,-15.8333,82.02,76,100,6.26
19,Vaini,TO,2021-09-26 03:45:19,-21.2,-175.2,73.56,88,75,10.36
20,Butaritari,KI,2021-09-26 03:45:20,3.0707,172.7902,82.92,76,27,11.36
21,Okhotsk,RU,2021-09-26 03:45:20,59.3833,143.3,57.18,48,87,9.48
22,Bethel,US,2021-09-26 03:45:21,41.3712,-73.414,62.91,91,1,4.61
23,Thompson,CA,2021-09-26 03:45:21,55.7435,-97.8558,44.76,93,75,4.61
24,Nkawkaw,GH,2021-09-26 03:45:22,6.5512,-0.7662,71.04,99,100,1.57
25,Tiksi,RU,2021-09-26 03:45:22,71.6872,128.8694,34.47,86,100,22.24
26,Narsaq,GL,2021-09-26 03:45:22,60.9167,-46.05,34.02,51,0,5.59
27,Yellowknife,CA,2021-09-26 03:42:40,62.456,-114.3525,42.3,94,40,1.01
28,New Norfolk,AU,2021-09-26 03:45:23,-42.7826,147.0587,56.91,37,6,3.44
29,Namie,JP,2021-09-26 03:45:23,37.4833,141.0,69.96,73,100,5.99
30,Arraial Do Cabo,BR,2021-09-26 03:45:24,-22.9661,-42.0278,70.25,81,100,24.99
31,Saint-Augustin,CA,2021-09-26 03:45:24,51.226,-58.6502,54.93,98,100,17.63
32,Avarua,CK,2021-09-26 03:45:24,-21.2078,-159.775,75.25,78,90,4.61
33,Chuy,UY,2021-09-26 03:45:25,-33.6971,-53.4616,56.44,96,50,1.01
34,Katiola,CI,2021-09-26 03:45:25,8.1333,-5.1,71.06,97,100,3.29
35,Atuona,PF,2021-09-26 03:45:26,-9.8,-139.0333,77.77,76,47,17.92
36,Alamosa,US,2021-09-26 03:45:26,37.4695,-105.87,65.71,31,1,10.36
37,Nhulunbuy,AU,2021-09-26 03:45:27,-12.2333,136.7667,90.21,43,40,13.8
38,Chokurdakh,RU,2021-09-26 03:45:27,70.6333,147.9167,33.15,97,100,14.41
39,Cam Ranh,VN,2021-09-26 03:45:27,11.9214,109.1591,87.76,66,20,9.22
40,Yuzawa,JP,2021-09-26 03:45:28,39.1667,140.5,71.42,67,100,8.16
41,Hilo,US,2021-09-26 03:45:28,19.7297,-155.09,80.33,85,90,9.22
42,Touros,BR,2021-09-26 03:45:29,-5.1989,-35.4608,77.9,83,33,14.63
43,Hasaki,JP,2021-09-26 03:45:29,35.7333,140.8333,72.28,56,99,11.97
44,Oranjemund,NA,2021-09-26 03:45:29,-28.55,16.4333,54.57,79,10,5.7
45,Norman Wells,CA,2021-09-26 03:45:30,65.282,-126.8329,33.84,86,75,14.97
46,Alofi,NU,2021-09-26 03:45:30,-19.0595,-169.9187,76.89,61,36,4.61
47,Evansville,US,2021-09-26 03:42:31,37.9748,-87.5558,55.63,85,1,3.44
48,Hobyo,SO,2021-09-26 03:45:31,5.3505,48.5268,78.71,80,57,18.79
49,Aloleng,PH,2021-09-26 03:45:31,16.1307,119.7824,85.73,67,3,5.75
50,Buraydah,SA,2021-09-26 03:45:32,26.326,43.975,77.45,24,4,8.39
51,Mocuba,MZ,2021-09-26 03:45:32,-16.8392,36.9856,67.62,89,1,2.95
52,Dikson,RU,2021-09-26 03:45:32,73.5069,80.5464,35.67,87,100,19.55
53,Cidreira,BR,2021-09-26 03:45:33,-30.1811,-50.2056,62.55,92,2,9.35
54,Saint George,US,2021-09-26 03:44:51,37.1041,-113.5841,84.79,27,1,1.01
55,Hay River,CA,2021-09-26 03:41:39,60.8156,-115.7999,46.38,87,20,4.61
56,Pisco,PE,2021-09-26 03:45:34,-13.7,-76.2167,62.02,88,97,12.66
57,Kingsport,US,2021-09-26 03:45:34,36.5484,-82.5618,60.85,90,40,0.0
58,Lebu,CL,2021-09-26 03:45:35,-37.6167,-73.65,47.05,85,22,9.66
59,Bluff,NZ,2021-09-26 03:45:35,-46.6,168.3333,47.8,59,80,14.14
60,Katsuura,JP,2021-09-26 03:45:36,35.1333,140.3,76.1,61,98,13.15
61,Kavaratti,IN,2021-09-26 03:45:36,10.5669,72.642,81.61,79,100,15.95
62,Busselton,AU,2021-09-26 03:45:37,-33.65,115.3333,64.04,76,84,7.58
63,Minas,UY,2021-09-26 03:45:37,-34.3759,-55.2377,55.87,95,0,4.21
64,Klaksvik,FO,2021-09-26 03:45:37,62.2266,-6.589,54.52,94,100,29.91
65,Kralendijk,BQ,2021-09-26 03:45:38,12.15,-68.2667,84.18,84,6,11.5
66,Bredasdorp,ZA,2021-09-26 03:45:38,-34.5322,20.0403,60.12,82,75,3.44
67,Wawa,NG,2021-09-26 03:45:38,9.9022,4.4192,73.53,91,98,4.74
68,Ancud,CL,2021-09-26 03:45:39,-41.8697,-73.8203,40.53,72,5,4.81
69,Zhicheng,CN,2021-09-26 03:45:39,30.2956,111.5047,87.42,63,19,4.7
70,Bilibino,RU,2021-09-26 03:45:39,68.0546,166.4372,30.25,93,100,8.01
71,Zhigalovo,RU,2021-09-26 03:45:40,54.8097,105.1578,42.93,54,100,9.62
72,Sao Joao Da Barra,BR,2021-09-26 03:43:18,-21.6403,-41.0511,71.6,78,87,21.25
73,San Quintin,MX,2021-09-26 03:45:41,30.4833,-115.95,67.95,83,18,8.41
74,Dunedin,NZ,2021-09-26 03:45:41,-45.8742,170.5036,46.8,69,90,1.99
75,Sola,VU,2021-09-26 03:45:41,-13.8833,167.55,83.07,79,40,5.75
76,Kavieng,PG,2021-09-26 03:45:42,-2.5744,150.7967,83.46,78,52,11.86
77,Sobolevo,RU,2021-09-26 03:45:42,54.4299,31.8996,46.9,91,99,11.05
78,Umm Kaddadah,SD,2021-09-26 03:45:43,13.6017,26.6876,76.78,68,92,10.67
79,North Bend,US,2021-09-26 03:45:43,43.4065,-124.2243,58.24,94,90,6.91
80,Kosh-Agach,RU,2021-09-26 03:45:43,50.0,88.6667,37.38,34,62,3.11
81,Astana,KZ,2021-09-26 03:45:44,51.1801,71.446,44.55,61,0,13.42
82,Esperance,AU,2021-09-26 03:45:45,-33.8667,121.9,73.24,47,45,0.81
83,Sambava,MG,2021-09-26 03:45:45,-14.2667,50.1667,72.21,75,86,13.78
84,Barrow,US,2021-09-26 03:45:46,71.2906,-156.7887,26.62,80,90,3.44
85,Cuamba,MZ,2021-09-26 03:45:46,-14.8031,36.5372,69.21,63,5,1.77
86,Phalaborwa,ZA,2021-09-26 03:45:46,-23.943,31.1411,61.88,65,0,1.5
87,Ribeira Grande,PT,2021-09-26 03:45:47,38.5167,-28.7,70.59,85,93,6.71
88,Santa Isabel Do Rio Negro,BR,2021-09-26 03:45:47,-0.4139,-65.0192,72.95,96,94,2.48
89,Saskylakh,RU,2021-09-26 03:45:47,71.9167,114.0833,33.57,89,100,17.29
90,Forio,IT,2021-09-26 03:45:48,40.7342,13.8646,74.82,59,99,2.3
91,Meulaboh,ID,2021-09-26 03:45:48,4.1363,96.1285,80.33,82,100,9.37
92,Wilmington,US,2021-09-26 03:45:48,34.2257,-77.9447,66.85,92,1,0.0
93,Puerto Ayora,EC,2021-09-26 03:45:49,-0.7393,-90.3518,69.28,90,74,8.23
94,Emerald,AU,2021-09-26 03:45:49,-23.5333,148.1667,88.34,23,0,8.05
95,Jamestown,US,2021-09-26 03:45:50,42.097,-79.2353,56.52,89,1,1.01
96,Flinders,AU,2021-09-26 03:45:50,-34.5833,150.8552,63.21,53,48,8.99
97,Nishihara,JP,2021-09-26 03:45:50,26.1842,127.7558,90.68,71,20,8.05
98,Mehamn,NO,2021-09-26 03:45:51,71.0357,27.8492,44.58,90,80,14.9
99,Merauke,ID,2021-09-26 03:45:51,-8.4667,140.3333,81.45,82,86,16.44
100,Cape Town,ZA,2021-09-26 03:45:11,-33.9258,18.4232,59.41,91,75,3.44
101,Bambous Virieux,MU,2021-09-26 03:45:52,-20.3428,57.7575,75.22,83,75,11.5
102,Ostrovnoy,RU,2021-09-26 03:45:52,68.0531,39.5131,45.52,81,100,3.91
103,Saedinenie,BG,2021-09-26 03:45:53,42.2667,24.55,60.51,82,1,0.0
104,Bitung,ID,2021-09-26 03:45:53,1.4451,125.1824,94.05,70,97,12.75
105,Kapaa,US,2021-09-26 03:45:53,22.0752,-159.319,84.18,77,90,3.0
106,Corinto,GR,2021-09-26 03:45:54,37.9407,22.9573,68.68,64,0,1.54
107,Lakefield,US,2021-09-26 03:45:54,43.6775,-95.1717,60.28,66,1,5.75
108,Kaitangata,NZ,2021-09-26 03:45:54,-46.2817,169.8464,45.63,66,98,10.04
109,Palmer,US,2021-09-26 03:45:55,42.1584,-72.3287,63.21,85,40,0.0
110,Elliot,ZA,2021-09-26 03:45:55,-31.3333,27.85,56.39,52,76,2.55
111,Rio Gallegos,AR,2021-09-26 03:45:56,-51.6226,-69.2181,35.65,75,0,13.8
112,Ponta Do Sol,PT,2021-09-26 03:45:56,32.6667,-17.1,70.43,69,100,3.24
113,Milverton,CA,2021-09-26 03:45:57,43.5668,-80.9164,50.9,88,6,8.08
114,Severo-Kurilsk,RU,2021-09-26 03:45:57,50.6789,156.125,49.89,79,50,13.69
115,Tiznit,MA,2021-09-26 03:45:57,29.5833,-9.5,67.84,48,0,1.66
116,Aden,YE,2021-09-26 03:45:58,12.7794,45.0367,85.26,70,76,7.83
117,Saint-Philippe,RE,2021-09-26 03:45:58,-21.3585,55.7679,72.99,82,63,14.34
118,Kashi,CN,2021-09-26 03:45:58,39.4547,75.9797,70.81,18,0,6.71
119,Teya,RU,2021-09-26 03:45:59,60.3778,92.6267,40.08,69,99,7.81
120,Havre-Saint-Pierre,CA,2021-09-26 03:45:59,50.2334,-63.5986,53.6,100,90,4.61
121,Tasiilaq,GL,2021-09-26 03:45:59,65.6145,-37.6368,37.56,57,96,5.57
122,Porto Torres,IT,2021-09-26 03:46:00,40.835,8.3972,75.38,85,98,5.73
123,Camacha,PT,2021-09-26 03:46:00,33.0833,-16.3333,67.42,73,40,5.75
124,Lapi,PH,2021-09-26 03:46:01,17.716,121.8978,91.22,57,98,2.42
125,San Antonio,US,2021-09-26 03:44:14,29.4241,-98.4936,75.09,50,1,0.0
126,Port Lincoln,AU,2021-09-26 03:45:13,-34.7333,135.8667,58.05,62,66,14.79
127,Rosita,NI,2021-09-26 03:46:01,13.9268,-84.4032,70.9,99,100,3.27
128,Akyab,MM,2021-09-26 03:46:02,20.15,92.9,84.72,72,21,7.02
129,Kaeo,NZ,2021-09-26 03:46:02,-35.1,173.7833,61.23,78,100,6.13
130,Tabou,CI,2021-09-26 03:46:03,4.423,-7.3528,76.26,90,100,9.24
131,Nanortalik,GL,2021-09-26 03:46:03,60.1432,-45.2371,37.31,75,3,4.72
132,Kruisfontein,ZA,2021-09-26 03:46:03,-34.0033,24.7314,55.02,87,7,4.68
133,Saint-Pierre,RE,2021-09-26 03:46:04,-21.3393,55.4781,73.08,68,0,13.8
134,Beringovskiy,RU,2021-09-26 03:46:04,63.05,179.3167,38.44,60,21,3.38
135,Marzuq,YE,2021-09-26 03:46:05,14.4,46.4667,79.72,26,63,0.58
136,Yingkou,CN,2021-09-26 03:46:05,40.6648,122.2283,72.48,64,93,4.68
137,Kidal,ML,2021-09-26 03:46:05,18.4411,1.4078,82.76,11,1,11.43
138,Vydrino,RU,2021-09-26 03:46:06,51.485,104.8461,41.43,76,100,2.44
139,Geraldton,AU,2021-09-26 03:46:06,-28.7667,114.6,70.21,56,75,14.97
140,Vao,NC,2021-09-26 03:46:07,-22.6667,167.4833,67.89,65,98,11.52
141,Quatre Cocos,MU,2021-09-26 03:46:07,-20.2078,57.7625,75.09,73,39,16.35
142,Coquimbo,CL,2021-09-26 03:42:29,-29.9533,-71.3436,55.13,82,0,6.91
143,Presidencia Roque Saenz Pena,AR,2021-09-26 03:46:08,-26.7852,-60.4388,59.92,60,0,6.06
144,Gorontalo,ID,2021-09-26 03:46:08,0.5412,123.0595,89.2,55,77,8.52
145,Port Elizabeth,ZA,2021-09-26 03:42:03,-33.918,25.5701,57.49,82,0,8.05
146,Hovd,MN,2021-09-26 03:46:09,48.0056,91.6419,50.54,13,11,4.7
147,Nikolskoye,RU,2021-09-26 03:46:09,59.7035,30.7861,48.09,92,100,9.01
148,Pangnirtung,CA,2021-09-26 03:46:09,66.1451,-65.7125,33.37,61,85,2.1
149,Porto Novo,BJ,2021-09-26 03:46:10,6.4965,2.6036,73.22,91,100,2.73
150,Itoman,JP,2021-09-26 03:46:10,26.1247,127.6694,91.42,67,40,10.36
151,Qasigiannguit,GL,2021-09-26 03:46:11,68.8193,-51.1922,17.85,74,5,5.86
152,Georgetown,MY,2021-09-26 03:46:11,5.4112,100.3354,89.53,73,20,7.0
153,Agadez,NE,2021-09-26 03:46:12,19.75,10.25,78.48,21,0,9.04
154,Baoding,CN,2021-09-26 03:46:12,38.8511,115.4903,64.24,94,100,6.64
155,Luderitz,NA,2021-09-26 03:46:13,-26.6481,15.1594,61.81,48,10,10.09
156,Nagua,DO,2021-09-26 03:45:15,19.3832,-69.8474,81.45,91,93,2.8
157,Mar Del Plata,AR,2021-09-26 03:46:13,-38.0023,-57.5575,56.08,63,0,3.0
158,Faanui,PF,2021-09-26 03:46:14,-16.4833,-151.75,79.77,68,0,6.04
159,San Cristobal,VE,2021-09-26 03:46:14,7.7669,-72.225,65.28,97,64,3.98
160,Galle,LK,2021-09-26 03:46:14,6.0367,80.217,81.95,83,100,16.02
161,Valley City,US,2021-09-26 03:46:15,46.9233,-98.0032,63.34,55,1,12.66
162,Altay,CN,2021-09-26 03:46:15,47.8667,88.1167,47.21,30,91,6.87
163,Jalu,LY,2021-09-26 03:46:15,29.0331,21.5482,68.16,36,2,8.41
164,Nanakuli,US,2021-09-26 03:46:16,21.3906,-158.1547,84.15,67,75,8.05
165,Lamar,US,2021-09-26 03:41:44,33.6668,-95.5836,74.52,53,1,5.75
166,East London,ZA,2021-09-26 03:46:16,-33.0153,27.9116,59.94,77,0,5.75
167,Magalia,US,2021-09-26 03:46:17,39.8121,-121.5783,76.75,32,0,6.91
168,Namatanai,PG,2021-09-26 03:46:17,-3.6667,152.4333,83.84,73,63,7.07
169,Wanaka,NZ,2021-09-26 03:46:17,-44.7,169.15,49.1,49,70,7.0
170,Namibe,AO,2021-09-26 03:46:18,-15.1961,12.1522,61.0,90,58,4.92
171,Greer,US,2021-09-26 03:46:18,34.9387,-82.2271,62.26,91,40,0.0
172,Tocache,PE,2021-09-26 03:46:19,-8.1842,-76.5125,69.06,80,71,1.32
173,Tolmezzo,IT,2021-09-26 03:46:19,46.4075,13.0175,62.2,91,100,0.94
174,Pacific Grove,US,2021-09-26 03:43:34,36.6177,-121.9166,62.76,87,90,3.0
175,Ilulissat,GL,2021-09-26 03:46:19,69.2167,-51.1,17.62,62,0,1.14
176,Castro,BR,2021-09-26 03:46:20,-24.7911,-50.0119,61.41,82,69,4.9
177,Nome,US,2021-09-26 03:46:20,64.5011,-165.4064,44.67,71,40,11.5
178,Hobart,AU,2021-09-26 03:46:17,-42.8794,147.3294,57.25,52,40,1.01
179,Mahibadhoo,MV,2021-09-26 03:46:21,3.7833,72.9667,80.85,80,100,19.89
180,Bengkulu,ID,2021-09-26 03:46:21,-3.8004,102.2655,74.73,94,100,4.32
181,Lagoa,PT,2021-09-26 03:46:22,39.05,-27.9833,69.66,85,89,9.62
182,Longyearbyen,SJ,2021-09-26 03:46:22,78.2186,15.6401,37.24,93,75,5.75
183,Leonforte,IT,2021-09-26 03:46:23,37.6443,14.4007,68.83,89,16,2.62
184,Puyo,EC,2021-09-26 03:46:23,-1.4667,-77.9833,62.82,83,100,3.6
185,Panama City,PA,2021-09-26 03:45:47,8.9936,-79.5197,84.06,85,20,6.91
186,Komsomolskiy,UZ,2021-09-26 03:46:24,40.4272,71.7189,72.32,26,0,4.61
187,Upernavik,GL,2021-09-26 03:46:24,72.7868,-56.1549,19.78,61,0,3.65
188,Kamaishi,JP,2021-09-26 03:46:24,39.2667,141.8833,70.75,71,100,8.21
189,Miles City,US,2021-09-26 03:46:25,46.4083,-105.8406,77.97,22,1,3.44
190,Bluffton,US,2021-09-26 03:46:25,32.2371,-80.8604,67.95,86,1,0.0
191,Partizanskoye,RU,2021-09-26 03:46:25,55.5006,94.39,42.42,63,92,8.01
192,General Roca,AR,2021-09-26 03:46:26,-39.0333,-67.5833,55.8,37,25,25.55
193,Kodiak,US,2021-09-26 03:46:26,57.79,-152.4072,39.49,73,78,7.07
194,Aleksandrov Gay,RU,2021-09-26 03:46:27,50.147,48.5704,54.21,83,100,7.07
195,Carnarvon,AU,2021-09-26 03:46:27,-24.8667,113.6333,71.67,53,40,14.97
196,Belaya Gora,RU,2021-09-26 03:46:27,68.5333,146.4167,36.64,80,100,17.34
197,Chardara,KZ,2021-09-26 03:46:28,41.2547,67.9692,75.42,22,0,3.76
198,Mount Gambier,AU,2021-09-26 03:46:28,-37.8333,140.7667,57.11,54,75,8.05
199,Hendersonville,US,2021-09-26 03:42:11,36.3048,-86.62,64.78,96,10,4.41
200,Constitucion,CL,2021-09-26 03:45:57,-35.3333,-72.4167,49.69,91,0,8.93
201,Nioro,GM,2021-09-26 03:46:29,13.35,-15.75,76.17,92,78,4.0
202,Vila Franca Do Campo,PT,2021-09-26 03:46:29,37.7167,-25.4333,72.19,90,100,8.9
203,Iqaluit,CA,2021-09-26 03:46:30,63.7506,-68.5145,33.53,74,90,8.01
204,Victoria,HK,2021-09-26 03:41:32,22.2855,114.1577,87.76,74,31,1.01
205,Perth,AU,2021-09-26 03:46:30,-31.9333,115.8333,68.18,73,20,5.75
206,Yumen,CN,2021-09-26 03:46:30,40.2833,97.2,62.74,26,0,6.67
207,Souillac,MU,2021-09-26 03:46:31,-20.5167,57.5167,75.36,83,75,11.5
208,Krutinka,RU,2021-09-26 03:46:31,56.0055,71.5113,36.03,73,7,8.19
209,Pinotepa De Don Luis,MX,2021-09-26 03:46:32,16.4167,-97.9167,72.01,98,99,0.34
210,Waingapu,ID,2021-09-26 03:46:32,-9.6567,120.2641,86.02,61,35,14.2
211,Jammu,IN,2021-09-26 03:46:32,32.7333,74.8667,80.91,60,0,1.1
212,Codrington,AU,2021-09-26 03:46:33,-38.2667,141.9667,56.98,57,56,8.14
213,Todos Santos,MX,2021-09-26 03:46:33,23.45,-110.2167,84.0,88,10,4.74
214,Artyshta,RU,2021-09-26 03:46:34,54.1222,86.2909,32.92,99,100,5.39
215,Khao Yoi,TH,2021-09-26 03:46:34,13.2403,99.8243,82.42,89,100,2.3
216,Taree,AU,2021-09-26 03:46:34,-31.9,152.4667,60.12,72,40,9.22
217,Iskateley,RU,2021-09-26 03:46:35,67.6803,53.1512,42.6,83,100,16.04
218,Nantucket,US,2021-09-26 03:46:35,41.2835,-70.0995,69.01,95,1,9.93
219,Sakakah,SA,2021-09-26 03:46:36,29.9697,40.2064,72.97,38,0,9.93
220,Blagoyevo,RU,2021-09-26 03:46:36,63.3667,47.9167,44.85,97,100,4.47
221,Castlebar,IE,2021-09-26 03:46:36,53.85,-9.3,61.59,84,99,14.79
222,Mount Isa,AU,2021-09-26 03:46:37,-20.7333,139.5,92.97,10,15,8.05
223,Los Llanos De Aridane,ES,2021-09-26 03:46:37,28.6585,-17.9182,67.75,84,0,6.91
224,Sebring,US,2021-09-26 03:46:20,27.4956,-81.4409,77.99,86,1,3.0
225,Aklavik,CA,2021-09-26 03:46:38,68.2191,-135.0107,32.83,93,100,14.7
226,Wadi Musa,JO,2021-09-26 03:46:38,30.3222,35.4793,63.59,52,0,8.28
227,Keti Bandar,PK,2021-09-26 03:46:38,24.1447,67.4497,83.8,75,12,5.01
228,Korla,CN,2021-09-26 03:46:39,41.7597,86.1469,67.26,18,5,3.69
229,Filingue,NE,2021-09-26 03:46:39,14.3521,3.3168,83.57,57,7,9.15
230,Half Moon Bay,US,2021-09-26 03:44:28,37.4636,-122.4286,63.41,87,90,0.0
231,Seoul,KR,2021-09-26 03:46:40,37.5683,126.9778,77.41,50,0,6.91
232,Grindavik,IS,2021-09-26 03:46:40,63.8424,-22.4338,41.47,75,75,25.32
233,Khudumelapye,BW,2021-09-26 03:46:41,-23.8833,24.75,61.41,39,1,6.04
234,Sao Jose Da Coroa Grande,BR,2021-09-26 03:46:41,-8.8978,-35.1478,75.15,86,11,9.06
235,Nevsehir,TR,2021-09-26 03:46:41,38.9167,34.6667,40.21,87,40,2.3
236,Hongjiang,CN,2021-09-26 03:46:42,27.11,109.9956,92.41,45,4,4.9
237,Catacocha,EC,2021-09-26 03:46:42,-4.0667,-79.6333,57.67,72,94,4.81
238,Te Anau,NZ,2021-09-26 03:46:43,-45.4167,167.7167,43.48,77,80,5.41
239,Moron,AR,2021-09-26 03:46:43,-34.6534,-58.6198,64.15,79,0,4.0
240,Dabhol,IN,2021-09-26 03:46:43,17.6,73.1667,79.02,83,100,2.1
241,Provideniya,RU,2021-09-26 03:46:44,64.3833,-173.3,33.13,88,90,3.53
242,Padang,ID,2021-09-26 03:46:44,-0.9492,100.3543,86.05,80,98,2.93
243,Valparaiso,CL,2021-09-26 03:46:45,-33.0393,-71.6273,56.48,67,0,5.75
244,Kahului,US,2021-09-26 03:46:45,20.8947,-156.47,84.22,76,20,20.71
245,Moa,CU,2021-09-26 03:46:45,20.6569,-74.9403,79.41,86,12,5.88
246,Nizwa,OM,2021-09-26 03:46:46,22.9333,57.5333,88.84,32,100,1.1
247,Nouna,BF,2021-09-26 03:46:46,12.7333,-3.8667,77.32,69,18,6.8
248,Kolokani,ML,2021-09-26 03:46:47,13.5728,-8.0339,74.89,70,69,3.24
249,Antofagasta,CL,2021-09-26 03:46:03,-23.65,-70.4,56.48,67,30,6.93
250,Obo,CF,2021-09-26 03:46:48,5.3998,26.4869,65.19,97,100,1.1
251,Yulara,AU,2021-09-26 03:46:48,-25.2406,130.9889,85.84,10,7,11.5
252,Alugan,PH,2021-09-26 03:46:48,12.2188,125.4808,86.38,66,92,5.59
253,Usinsk,RU,2021-09-26 03:46:49,65.9939,57.5281,39.07,72,100,7.29
254,Mnogovershinnyy,RU,2021-09-26 03:46:49,53.9353,139.9242,52.5,72,90,7.49
255,Nayudupeta,IN,2021-09-26 03:46:50,13.9,79.9,83.28,60,100,10.63
256,Grand Gaube,MU,2021-09-26 03:46:50,-20.0064,57.6608,75.38,67,45,8.99
257,Sungaipenuh,ID,2021-09-26 03:46:50,-2.0833,101.3833,72.82,86,80,1.72
258,Santa Luzia,BR,2021-09-26 03:46:51,-19.7697,-43.8514,68.34,68,75,17.27
259,Chapleau,CA,2021-09-26 03:46:51,47.8405,-83.4034,43.12,95,87,7.18
260,Havelock,US,2021-09-26 03:46:51,34.8791,-76.9013,68.94,87,46,4.74
261,Cayenne,GF,2021-09-26 03:46:52,4.9333,-52.3333,83.08,82,20,1.01
262,Coldwater,US,2021-09-26 03:46:52,41.9403,-85.0005,55.26,71,75,5.75
263,Garowe,SO,2021-09-26 03:46:53,8.4054,48.4845,76.17,63,54,16.22
264,Kenai,US,2021-09-26 03:46:53,60.5544,-151.2583,44.65,78,1,5.75
265,Quebec,CA,2021-09-26 03:44:52,46.8123,-71.2145,59.45,86,40,5.01
266,Road Town,VG,2021-09-26 03:46:54,18.4167,-64.6167,82.2,74,2,10.56
267,Hithadhoo,MV,2021-09-26 03:46:54,-0.6,73.0833,82.22,76,97,14.92
268,Kushmurun,KZ,2021-09-26 03:46:54,52.4503,64.6311,56.82,27,100,15.9
269,Blumenau,BR,2021-09-26 03:46:55,-26.9194,-49.0661,63.59,94,54,1.01
270,Ruidoso,US,2021-09-26 03:46:55,33.3317,-105.673,61.57,78,90,8.05
271,Swift Current,CA,2021-09-26 03:45:12,50.2834,-107.8014,59.81,47,90,6.91
272,Truth Or Consequences,US,2021-09-26 03:45:49,33.1284,-107.2528,62.83,90,75,0.0
273,Saldanha,ZA,2021-09-26 03:46:56,-33.0117,17.9442,59.05,96,16,8.59
274,Gondar,ET,2021-09-26 03:46:56,12.6,37.4667,56.25,85,57,3.71
275,Moree,AU,2021-09-26 03:46:57,-29.4667,149.85,75.22,17,55,8.05
276,Baykit,RU,2021-09-26 03:46:57,61.67,96.37,38.35,84,100,6.22
277,Dmitriyevka,RU,2021-09-26 03:46:57,54.75,55.3333,44.15,71,98,6.17
278,Cockburn Town,TC,2021-09-26 03:46:58,21.4612,-71.1419,82.67,74,2,9.44
279,Ponta Delgada,PT,2021-09-26 03:46:58,37.7333,-25.6667,72.5,94,40,12.66
280,Leticia,CO,2021-09-26 03:46:59,-4.2153,-69.9406,75.25,94,75,2.3
281,Batticaloa,LK,2021-09-26 03:46:59,7.7102,81.6924,85.57,59,97,3.94
282,Mayo,US,2021-09-26 03:46:59,38.8876,-76.5119,66.58,85,1,1.01
283,Bac Lieu,VN,2021-09-26 03:47:00,9.285,105.7244,83.05,72,100,4.59
284,Abu Zabad,SD,2021-09-26 03:47:00,12.35,29.25,70.21,88,41,7.7
285,Sitka,US,2021-09-26 03:47:01,57.0531,-135.33,51.69,71,90,3.44
286,Berlevag,NO,2021-09-26 03:47:01,70.8578,29.0864,46.22,84,100,12.35
287,Maragogi,BR,2021-09-26 03:47:01,-9.0122,-35.2225,74.79,87,14,8.1
288,Dembi Dolo,ET,2021-09-26 03:47:02,8.5333,34.8,55.06,98,100,3.44
289,Kibala,TD,2021-09-26 03:47:02,9.1104,18.3463,70.5,97,76,4.29
290,Miro Khan,PK,2021-09-26 03:47:03,27.7599,68.0921,86.11,35,0,4.72
291,Poum,NC,2021-09-26 03:47:03,-20.2333,164.0167,71.8,72,85,7.58
292,Clyde River,CA,2021-09-26 03:47:04,70.4692,-68.5914,25.61,80,5,5.28
293,Oistins,BB,2021-09-26 03:45:44,13.0667,-59.5333,80.69,83,40,4.61
294,Tual,ID,2021-09-26 03:47:04,-5.6667,132.75,80.78,81,98,14.92
295,Makakilo City,US,2021-09-26 03:47:04,21.3469,-158.0858,82.72,69,75,8.05
296,Loa Janan,ID,2021-09-26 03:47:05,-0.583,117.095,86.81,68,95,3.83
297,Samarai,PG,2021-09-26 03:47:05,-10.6167,150.6667,80.58,83,28,12.06
298,Ansalta,RU,2021-09-26 03:47:06,42.6894,46.1178,42.67,78,49,3.4
299,Ketchikan,US,2021-09-26 03:44:32,55.3422,-131.6461,51.78,80,100,1.34
300,Khed,IN,2021-09-26 03:47:06,17.7167,73.3833,80.56,84,100,0.81
301,Wolgast,DE,2021-09-26 03:47:07,54.05,13.7667,55.85,87,98,5.46
302,Tuatapere,NZ,2021-09-26 03:47:07,-46.1333,167.6833,47.82,65,70,9.78
303,Pionerskiy,RU,2021-09-26 03:47:07,54.9508,20.2275,46.24,79,31,2.15
304,Suamico,US,2021-09-26 03:47:08,44.6319,-88.0393,57.34,68,75,1.01
305,Cairns,AU,2021-09-26 03:44:04,-16.9167,145.7667,92.07,52,81,12.66
306,Harper,LR,2021-09-26 03:47:08,4.375,-7.7169,76.42,89,100,9.24
307,Kingaroy,AU,2021-09-26 03:47:09,-26.5333,151.8333,78.84,31,91,8.05
308,Ohara,JP,2021-09-26 03:47:09,35.25,140.3833,72.01,62,97,11.81
309,Zwedru,LR,2021-09-26 03:47:09,6.0667,-8.1281,71.35,98,100,4.29
310,Campeche,MX,2021-09-26 03:47:10,19.0,-90.5,73.96,99,85,1.41
311,Cherskiy,RU,2021-09-26 03:47:10,68.75,161.3,33.64,96,100,11.36
312,Grand-Lahou,CI,2021-09-26 03:47:11,5.1367,-5.0242,75.36,93,96,8.93
313,Okato,NZ,2021-09-26 03:47:11,-39.2,173.8833,56.43,59,11,11.32
314,Shimoda,JP,2021-09-26 03:47:11,34.6667,138.95,70.16,72,100,14.63
315,Saint Anthony,US,2021-09-26 03:45:12,45.0205,-93.218,58.71,60,1,1.99
316,Olafsvik,IS,2021-09-26 03:47:12,64.8945,-23.7142,40.96,87,100,41.83
317,Guanica,PR,2021-09-26 03:47:12,17.9716,-66.908,81.99,83,39,1.01
318,Inirida,CO,2021-09-26 03:47:13,3.8653,-67.9239,71.94,97,34,1.03
319,Shiliguri,IN,2021-09-26 03:47:13,26.7,88.4333,89.74,56,58,3.91
320,Pipar,IN,2021-09-26 03:47:13,26.3856,73.5378,87.69,60,56,4.25
321,South Lake Tahoe,US,2021-09-26 03:47:14,38.9332,-119.9844,68.65,41,1,3.44
322,Pospelikha,RU,2021-09-26 03:47:14,51.95,81.7667,40.48,65,96,11.41
323,Lompoc,US,2021-09-26 03:47:15,34.6391,-120.4579,61.79,88,90,6.91
324,Umm Lajj,SA,2021-09-26 03:47:15,25.0213,37.2685,82.13,57,33,14.23
325,Escanaba,US,2021-09-26 03:44:11,45.7453,-87.0646,57.51,80,90,4.61
326,Petropavlovsk-Kamchatskiy,RU,2021-09-26 03:42:54,53.0452,158.6483,55.99,47,75,8.95
327,Ridgecrest,US,2021-09-26 03:47:16,35.6225,-117.6709,87.66,25,1,5.01
328,Sao Filipe,CV,2021-09-26 03:47:16,14.8961,-24.4956,77.88,76,57,6.22
329,Uglovka,RU,2021-09-26 03:47:17,58.2392,33.5108,44.89,94,100,10.02
330,Taoudenni,ML,2021-09-26 03:47:17,22.6783,-3.9836,90.16,9,87,8.43
331,Galesong,ID,2021-09-26 03:47:17,-5.3166,119.3661,91.42,60,34,4.25
332,Pochutla,MX,2021-09-26 03:47:18,15.7432,-96.4661,77.83,88,95,4.18
333,Bajil,YE,2021-09-26 03:47:18,15.0584,43.2851,85.24,72,5,3.71
334,Hanzhong,CN,2021-09-26 03:47:18,33.0728,107.0303,66.38,95,100,5.44
335,Jaisalmer,IN,2021-09-26 03:47:19,26.9147,70.9181,90.05,47,0,2.42
336,Ray,IN,2021-09-26 03:47:19,23.6833,85.05,83.17,68,83,4.12
337,George,ZA,2021-09-26 03:47:20,-33.963,22.4617,54.95,88,75,3.44
338,Srednekolymsk,RU,2021-09-26 03:47:20,67.45,153.6833,36.86,75,100,14.54
339,Lorengau,PG,2021-09-26 03:47:20,-2.0226,147.2712,85.51,69,53,7.4
340,Port-Gentil,GA,2021-09-26 03:47:21,-0.7193,8.7815,76.75,89,100,13.02
341,College,US,2021-09-26 03:47:21,64.8569,-147.8028,33.75,91,75,0.0
342,Vardo,NO,2021-09-26 03:47:22,70.3705,31.1107,46.81,86,93,7.67
343,Machacamarca,BO,2021-09-26 03:47:22,-18.1667,-67.0333,51.76,30,0,1.68
344,Hambantota,LK,2021-09-26 03:47:22,6.1241,81.1185,84.54,84,40,11.5
345,Abu Dhabi,AE,2021-09-26 03:44:52,24.4667,54.3667,87.82,74,21,4.61
346,Trairi,BR,2021-09-26 03:46:38,-3.2778,-39.2689,78.01,79,23,12.19
347,Blyth,GB,2021-09-26 03:47:23,55.1271,-1.5086,60.48,95,75,4.61
348,Monrovia,LR,2021-09-26 03:47:23,6.3005,-10.7969,74.97,90,100,9.44
349,Pullman,US,2021-09-26 03:45:02,46.7313,-117.1796,71.83,37,1,0.0
350,Qaqortoq,GL,2021-09-26 03:47:24,60.7167,-46.0333,34.3,58,2,6.13
351,Hofn,IS,2021-09-26 03:47:24,64.2539,-15.2082,40.64,88,100,18.12
352,Port Pirie,AU,2021-09-26 03:47:25,-33.1833,138.0167,68.09,26,40,5.7
353,Nouadhibou,MR,2021-09-26 03:47:25,20.931,-17.0347,71.58,83,0,11.5
354,Poya,NC,2021-09-26 03:47:26,-21.35,165.15,75.7,59,19,11.12
355,Santa Maria,BR,2021-09-26 03:47:26,-29.6842,-53.8069,51.1,100,0,2.3
356,Anadyr,RU,2021-09-26 03:47:27,64.75,177.4833,34.3,80,75,4.47
357,Yerbogachen,RU,2021-09-26 03:47:27,61.2767,108.0108,43.68,57,100,15.23
358,Ust-Nera,RU,2021-09-26 03:47:28,64.5667,143.2,40.77,66,77,4.18
359,Ormara,PK,2021-09-26 03:47:28,25.2088,64.6357,82.89,72,15,7.78
360,Zyryanka,RU,2021-09-26 03:47:28,65.75,150.85,37.99,66,99,15.39
361,Juneau,US,2021-09-26 03:47:29,58.3019,-134.4197,46.45,93,90,0.0
362,San Patricio,US,2021-09-26 03:47:29,28.017,-97.5169,77.85,58,13,6.98
363,Mislinja,SI,2021-09-26 03:47:30,46.4411,15.1956,51.96,97,39,4.18
364,Dingle,PH,2021-09-26 03:47:30,10.9995,122.6711,88.23,64,43,2.51
365,Giyon,ET,2021-09-26 03:47:31,8.5333,37.9833,55.49,94,91,1.83
366,Pteleos,GR,2021-09-26 03:47:31,39.05,22.95,63.14,47,0,2.66
367,Kabwe,ZM,2021-09-26 03:47:31,-14.4469,28.4464,62.31,44,0,6.55
368,Mahebourg,MU,2021-09-26 03:47:32,-20.4081,57.7,75.25,83,75,11.5
369,Nyurba,RU,2021-09-26 03:47:32,63.2842,118.3319,42.08,51,82,10.27
370,Katherine,AU,2021-09-26 03:47:33,-14.4667,132.2667,97.12,20,40,9.22
371,Coihaique,CL,2021-09-26 03:47:33,-45.5752,-72.0662,33.75,86,20,5.75
372,Tupa,BR,2021-09-26 03:43:46,-21.9347,-50.5136,71.67,49,10,6.24
373,Kozlovka,RU,2021-09-26 03:47:34,55.8428,48.2492,43.84,90,96,4.27
374,Ise,JP,2021-09-26 03:47:34,34.4833,136.7,66.61,92,100,16.8
375,Bowen,AU,2021-09-26 03:47:34,-20.0167,148.2333,80.82,61,1,14.23
376,Tongren,CN,2021-09-26 03:47:35,27.7172,109.1853,89.53,52,10,4.83
377,Rawlins,US,2021-09-26 03:47:35,41.7911,-107.2387,64.62,25,1,10.36
378,Kastrakion,GR,2021-09-26 03:47:36,39.7156,21.6181,61.3,34,0,2.93
379,Husavik,IS,2021-09-26 03:47:36,66.0449,-17.3389,39.11,91,100,27.6
380,La Macarena,CO,2021-09-26 03:47:36,2.1837,-73.7849,67.96,99,96,2.66
381,Chapais,CA,2021-09-26 03:47:37,49.7834,-74.8492,53.38,75,100,9.91
382,Macklin,CA,2021-09-26 03:47:37,52.3334,-109.9348,59.34,59,100,4.38
383,Portland,US,2021-09-26 03:46:18,45.5234,-122.6762,73.26,64,20,1.01
384,Quelimane,MZ,2021-09-26 03:47:38,-17.8786,36.8883,69.49,89,0,1.92
385,Pevek,RU,2021-09-26 03:47:38,69.7008,170.3133,30.2,96,100,11.65
386,Isangel,VU,2021-09-26 03:47:38,-19.55,169.2667,78.91,61,75,5.75
387,Manoel Urbano,BR,2021-09-26 03:47:39,-8.8389,-69.2597,75.54,72,34,3.18
388,Tonantins,BR,2021-09-26 03:47:39,-2.8731,-67.8022,72.66,97,84,2.44
389,Pataias,PT,2021-09-26 03:47:40,39.6698,-8.9958,61.39,96,99,5.17
390,Itapirapua,BR,2021-09-26 03:47:40,-15.8233,-50.6133,82.71,40,66,3.62
391,Carauari,BR,2021-09-26 03:47:41,-4.8828,-66.8958,71.26,96,67,1.74
392,Puerto Madero,MX,2021-09-26 03:47:41,14.7208,-92.4215,81.14,79,100,3.49
393,Waddan,LY,2021-09-26 03:47:41,29.1614,16.139,66.22,64,0,3.96
394,Alexandria,EG,2021-09-26 03:44:26,31.2156,29.9553,66.74,64,0,5.59
395,Deputatskiy,RU,2021-09-26 03:47:42,69.3,139.9,30.2,85,100,20.6
396,Svetlyy,RU,2021-09-26 03:47:42,54.675,20.1347,46.45,88,24,2.84
397,Verkhoyansk,RU,2021-09-26 03:47:43,67.5447,133.385,41.52,64,93,5.41
398,Bambanglipuro,ID,2021-09-26 03:47:43,-7.95,110.2833,83.79,70,83,14.7
399,Ekhabi,RU,2021-09-26 03:47:44,53.5102,142.9671,58.78,64,99,14.09
400,Otukpo,NG,2021-09-26 03:47:44,7.1913,8.1329,70.65,96,99,2.48
401,Snasa,NO,2021-09-26 03:47:44,64.2457,12.3778,46.51,91,100,3.42
402,Charlestown,AU,2021-09-26 03:44:51,-32.95,151.6667,63.01,71,98,5.99
403,Kharp,RU,2021-09-26 03:47:45,66.8014,65.8081,32.52,82,75,5.82
404,Topalu,RO,2021-09-26 03:47:45,44.55,28.05,55.89,79,0,3.15
405,Rocky Mountain House,CA,2021-09-26 03:47:46,52.3668,-114.9188,49.84,71,44,3.44
406,Cabo San Lucas,MX,2021-09-26 03:47:46,22.8909,-109.9124,84.51,75,15,8.68
407,Guanambi,BR,2021-09-26 03:46:09,-14.2233,-42.7814,69.06,66,1,13.09
408,La Ronge,CA,2021-09-26 03:47:47,55.1001,-105.2842,53.85,71,20,3.44
409,Charcas,MX,2021-09-26 03:47:47,23.1333,-101.1167,60.15,84,24,10.29
410,Southbridge,US,2021-09-26 03:47:47,42.0751,-72.0334,65.26,96,47,2.42
411,Torbay,CA,2021-09-26 03:47:48,47.6666,-52.7314,47.26,88,75,13.8
412,Paamiut,GL,2021-09-26 03:47:48,61.994,-49.6678,34.14,68,0,12.1
413,Balikpapan,ID,2021-09-26 03:47:48,-1.2675,116.8289,83.39,74,20,5.75
414,Pyu,MM,2021-09-26 03:47:49,18.4833,96.4333,83.73,77,94,7.14
415,Margate,GB,2021-09-26 03:47:49,51.3813,1.3862,62.96,92,100,9.95
416,Stillwater,US,2021-09-26 03:44:07,36.1156,-97.0584,75.88,47,1,1.01
417,Hailar,CN,2021-09-26 03:47:50,49.2,119.7,66.6,66,99,22.41
418,Haines Junction,CA,2021-09-26 03:47:50,60.7522,-137.5108,39.15,60,100,6.91
419,Tabory,RU,2021-09-26 03:47:50,58.5198,64.5495,35.83,71,84,10.63
420,Guerrero Negro,MX,2021-09-26 03:47:51,27.9769,-114.0611,70.79,75,87,15.17
421,Brainerd,US,2021-09-26 03:47:25,46.358,-94.2008,57.22,44,1,11.5
422,Sangar,RU,2021-09-26 03:47:52,63.9242,127.4739,41.43,74,92,1.03
423,Abha,SA,2021-09-26 03:47:52,18.2164,42.5053,57.45,25,0,0.0
424,Dudinka,RU,2021-09-26 03:47:52,69.4058,86.1778,36.99,58,26,6.51
425,Mumford,GH,2021-09-26 03:47:53,5.2618,-0.759,75.54,90,100,7.9
426,Prince Rupert,CA,2021-09-26 03:44:19,54.3161,-130.3201,51.49,85,90,2.3
427,Tres Arroyos,AR,2021-09-26 03:47:53,-38.3739,-60.2798,56.16,72,45,13.62
428,Ilorin,NG,2021-09-26 03:47:54,8.5,4.55,73.53,87,100,3.29
429,Ullapool,GB,2021-09-26 03:47:54,57.8987,-5.1604,62.35,92,89,6.64
430,Boende,CD,2021-09-26 03:47:55,-0.2167,20.8667,68.56,99,69,0.45
431,Ahipara,NZ,2021-09-26 03:47:55,-35.1667,173.1667,58.44,86,100,9.98
432,Bandarbeyla,SO,2021-09-26 03:47:55,9.4942,50.8122,80.28,69,4,22.97
433,Hami,CN,2021-09-26 03:47:56,42.8,93.45,65.1,17,0,5.86
434,Hirara,JP,2021-09-26 03:47:56,24.8,125.2833,88.07,79,20,12.66
435,Lavrentiya,RU,2021-09-26 03:47:56,65.5833,-171.0,32.74,81,100,2.75
436,Urrao,CO,2021-09-26 03:47:57,6.3152,-76.1342,58.44,96,76,0.69
437,Mayumba,GA,2021-09-26 03:47:57,-3.432,10.6554,75.58,86,100,5.57
438,Mirabad,AF,2021-09-26 03:47:58,30.4362,61.8383,85.03,10,0,7.45
439,Salta,AR,2021-09-26 03:47:58,-24.7859,-65.4117,61.09,59,0,1.99
440,Stromness,GB,2021-09-26 03:47:58,58.965,-3.296,59.25,91,15,11.99
441,Mabaruma,GY,2021-09-26 03:47:59,8.2,-59.7833,76.53,87,61,2.19
442,Kismayo,SO,2021-09-26 03:47:59,-0.3582,42.5454,77.86,77,56,15.57
443,Sturgis,US,2021-09-26 03:45:13,41.7992,-85.4192,57.0,50,90,0.0
444,Lodja,CD,2021-09-26 03:48:00,-3.4833,23.4333,68.31,95,97,2.17
445,Denholm,CA,2021-09-26 03:48:00,52.6501,-108.018,53.73,60,92,5.32
446,Vanimo,PG,2021-09-26 03:48:00,-2.6741,141.3028,86.95,62,68,7.74
447,Kevsala,RU,2021-09-26 03:48:01,45.7983,42.6903,53.26,77,83,15.08
448,Celestun,MX,2021-09-26 03:48:01,20.8667,-90.4,79.88,82,55,9.75
449,Sioux Lookout,CA,2021-09-26 03:43:06,50.1001,-91.917,53.67,71,90,4.61
450,Victor Harbor,AU,2021-09-26 03:48:02,-35.5667,138.6167,65.71,59,0,9.8
451,Baie-Comeau,CA,2021-09-26 03:48:02,49.2168,-68.1489,57.2,100,90,5.75
452,Ardesen,TR,2021-09-26 03:48:02,41.1911,40.9875,53.56,68,84,6.67
453,Ibra,OM,2021-09-26 03:48:03,22.6906,58.5334,85.15,43,98,1.28
454,Kericho,KE,2021-09-26 03:48:03,-0.3677,35.2831,53.64,93,66,3.11
455,Labuan,MY,2021-09-26 03:48:04,5.2767,115.2417,86.36,70,20,1.99
456,Cedar City,US,2021-09-26 03:48:04,37.6775,-113.0619,67.39,32,1,3.44
457,Porto Nacional,BR,2021-09-26 03:48:04,-10.7081,-48.4172,75.2,77,100,3.98
458,Richards Bay,ZA,2021-09-26 03:48:05,-28.783,32.0377,66.29,79,11,6.69
459,Evensk,RU,2021-09-26 03:48:05,61.95,159.2333,45.68,81,100,5.01
460,Timra,SE,2021-09-26 03:48:05,62.487,17.3257,39.67,93,40,3.44
461,Bucerias,MX,2021-09-26 03:46:03,20.75,-105.3333,79.99,94,92,2.98
462,Hamilton,US,2021-09-26 03:45:48,39.1834,-84.5333,56.66,83,1,0.0
463,Port Hardy,CA,2021-09-26 03:45:12,50.6996,-127.4199,53.78,100,90,4.61
464,Boguchany,RU,2021-09-26 03:48:06,58.3814,97.4531,43.65,56,98,5.55
465,Karlstad,SE,2021-09-26 03:48:07,59.3793,13.5036,37.96,100,28,2.3
466,Newala,TZ,2021-09-26 03:48:07,-10.9431,39.2787,64.83,86,76,5.08
467,Aksarka,RU,2021-09-26 03:48:07,66.5606,67.7975,35.56,71,50,9.75
468,Yaan,NG,2021-09-26 03:48:08,7.3833,8.5667,70.47,97,99,3.36
469,Peniche,PT,2021-09-26 03:48:08,39.3558,-9.3811,64.62,92,96,5.93
470,Beloha,MG,2021-09-26 03:48:09,-25.1667,45.05,69.42,64,0,7.29
471,Aasiaat,GL,2021-09-26 03:48:09,68.7098,-52.8699,9.52,83,12,7.7
472,Sabla,NG,2021-09-26 03:48:09,12.7525,4.7077,77.31,75,13,7.31
473,Zhigansk,RU,2021-09-26 03:48:10,66.7697,123.3711,39.07,63,32,16.15
474,Acapulco,MX,2021-09-26 03:48:05,16.8634,-99.8901,80.31,83,98,2.95
475,Banda Aceh,ID,2021-09-26 03:44:22,5.5577,95.3222,84.67,68,100,14.25
476,Nuuk,GL,2021-09-26 03:48:11,64.1835,-51.7216,29.01,69,3,8.05
477,San Miguel,SV,2021-09-26 03:48:11,13.4833,-88.1833,74.19,96,100,2.64
478,Barra Do Garcas,BR,2021-09-26 03:48:11,-15.89,-52.2567,79.56,40,23,2.89
479,Kiunga,PG,2021-09-26 03:48:12,-6.1219,141.2906,89.78,58,83,3.18
480,Kyzyl-Suu,KG,2021-09-26 03:48:13,42.3414,78.0056,61.81,26,0,3.6
481,Ginir,ET,2021-09-26 03:48:13,7.1333,40.7,59.68,68,58,0.87
482,Kibre Mengist,ET,2021-09-26 03:48:13,5.8833,38.9833,58.39,85,99,2.37
483,Kotelnich,RU,2021-09-26 03:48:14,58.3089,48.348,42.93,97,100,3.38
484,Ngunguru,NZ,2021-09-26 03:48:14,-35.6167,174.5,58.53,87,100,7.56
485,Varadero,CU,2021-09-26 03:48:15,23.1536,-81.2514,75.96,77,79,6.93
486,Dourados,BR,2021-09-26 03:45:26,-22.2211,-54.8056,75.52,44,0,5.26
487,Moramanga,MG,2021-09-26 03:48:15,-18.9333,48.2,59.38,93,100,4.45
488,Portoferraio,IT,2021-09-26 03:48:16,42.8115,10.3146,73.17,85,41,17.98
489,Ust-Kulom,RU,2021-09-26 03:48:16,61.6864,53.6902,42.89,93,100,10.54
490,Honningsvag,NO,2021-09-26 03:48:16,70.9821,25.9704,46.06,84,49,17.76
491,Kerrobert,CA,2021-09-26 03:48:17,51.9168,-109.1348,59.2,56,87,7.09
492,Bonavista,CA,2021-09-26 03:48:17,48.6499,-53.1147,48.11,83,97,16.91
493,Skoghall,SE,2021-09-26 03:48:17,59.3232,13.4655,37.96,100,30,2.3
494,Simpang,ID,2021-09-26 03:48:18,-1.2667,104.0833,87.08,68,99,3.76
495,Boden,SE,2021-09-26 03:48:18,65.8252,21.6886,33.8,93,96,2.01
496,Keizer,US,2021-09-26 03:47:01,44.9901,-123.0262,72.03,69,1,4.0
497,Gold Coast,AU,2021-09-26 03:48:19,-28.0,153.4333,76.28,67,75,5.99
498,Coos Bay,US,2021-09-26 03:48:19,43.3665,-124.2179,58.32,94,90,6.91
499,Bacolod,PH,2021-09-26 03:48:19,10.6667,122.95,85.08,73,55,3.09
500,Maneromango,TZ,2021-09-26 03:48:20,-7.1988,38.7848,70.61,72,96,3.98
501,Chicama,PE,2021-09-26 03:48:20,-7.8447,-79.1469,59.54,86,91,5.73
502,Mogadishu,SO,2021-09-26 03:44:01,2.0371,45.3438,78.39,81,54,18.77
503,Ternate,ID,2021-09-26 03:48:21,0.8,127.4,84.72,70,95,7.43
504,Puerto Escondido,MX,2021-09-26 03:48:21,15.85,-97.0667,77.95,89,100,6.44
505,Phangnga,TH,2021-09-26 03:48:22,8.4509,98.5298,78.84,95,100,3.65
506,Honiara,SB,2021-09-26 03:48:22,-9.4333,159.95,84.15,76,73,3.27
507,Ust-Tsilma,RU,2021-09-26 03:48:22,65.441,52.1498,42.26,91,100,10.2
508,Asau,RO,2021-09-26 03:48:23,46.4333,26.4,50.95,87,0,5.17
509,Trinidad,BO,2021-09-26 03:48:23,-14.8333,-64.9,82.02,38,5,2.71
510,Vanderhoof,CA,2021-09-26 03:48:24,54.0166,-124.0198,48.94,95,100,1.7
511,Banihal,IN,2021-09-26 03:48:24,33.4167,75.2,71.02,64,1,2.53
512,Townsville,AU,2021-09-26 03:47:31,-19.25,146.8,77.88,61,26,11.5
513,Bouna,CI,2021-09-26 03:48:25,9.2667,-3.0,70.83,95,88,4.25
514,Inskoy,RU,2021-09-26 03:48:25,54.4297,86.44,35.19,100,100,7.61
515,Talnakh,RU,2021-09-26 03:48:25,69.4865,88.3972,36.66,53,94,2.3
516,Porbandar,IN,2021-09-26 03:48:26,21.6422,69.6093,84.18,79,40,5.75
517,West Plains,US,2021-09-26 03:48:09,36.7281,-91.8524,60.48,73,1,1.99
518,Marsh Harbour,BS,2021-09-26 03:48:27,26.5412,-77.0636,82.11,71,81,7.94
519,Sorland,NO,2021-09-26 03:48:27,67.667,12.6934,47.86,85,100,24.58
520,Karatau,KZ,2021-09-26 03:48:28,43.1667,70.4667,72.1,14,1,5.64
521,Supe,PE,2021-09-26 03:48:28,-10.8,-77.7333,62.17,88,80,7.76
522,Kayerkan,RU,2021-09-26 03:48:29,69.3497,87.7602,36.46,54,77,2.98
523,Olinda,BR,2021-09-26 03:48:29,-8.0089,-34.8553,76.73,73,75,10.36
524,Verkhnetulomskiy,RU,2021-09-26 03:48:29,68.6073,31.7962,33.93,94,71,1.72
525,Saravan,AM,2021-09-26 03:48:30,39.7196,45.6483,41.65,56,2,2.57
526,Mackay,AU,2021-09-26 03:48:30,-21.15,149.2,83.68,57,0,12.66
527,Kembolcha,ET,2021-09-26 03:48:31,11.0816,39.7434,61.63,74,94,4.65
528,Nara,JP,2021-09-26 03:48:31,34.6851,135.8049,74.48,64,100,7.34
529,Ansermanuevo,CO,2021-09-26 03:48:31,4.7972,-75.995,74.17,96,91,2.1
530,Mosquera,CO,2021-09-26 03:48:32,4.7059,-74.2302,55.49,67,40,11.5
531,Verkhniy Landekh,RU,2021-09-26 03:48:32,56.8389,42.5994,46.51,95,100,7.34
532,Tommot,RU,2021-09-26 03:48:33,58.9564,126.2925,49.06,51,98,10.4
533,Lasa,IT,2021-09-26 03:48:33,46.6166,10.7002,61.68,92,54,2.71
534,Vilhena,BR,2021-09-26 03:48:33,-12.7406,-60.1458,74.75,64,15,3.76
535,Yar-Sale,RU,2021-09-26 03:48:34,66.8333,70.8333,37.15,69,5,9.15
536,Mitchell,US,2021-09-26 03:48:34,43.7094,-98.0298,60.78,59,1,0.0
537,Akcakoca,TR,2021-09-26 03:48:35,41.0866,31.1162,58.46,76,0,3.91
538,Barranca,PE,2021-09-26 03:48:35,-10.75,-77.7667,61.56,88,84,7.34
539,Caravelas,BR,2021-09-26 03:48:35,-17.7125,-39.2481,69.44,77,85,6.24
540,Barbastro,ES,2021-09-26 03:48:36,42.0356,0.1269,61.34,73,49,1.45
541,Yarensk,RU,2021-09-26 03:48:36,62.1675,49.0916,44.76,97,100,5.21
542,Nyrob,RU,2021-09-26 03:48:36,60.733,56.7202,43.57,79,100,10.16
543,Sorong,ID,2021-09-26 03:48:37,-0.8833,131.25,82.62,76,73,3.65
544,Ferme-Neuve,CA,2021-09-26 03:48:37,46.7001,-75.4493,56.98,88,100,5.37
545,Leh,IN,2021-09-26 03:48:38,34.1667,77.5833,55.74,32,14,2.24
546,Banjar,ID,2021-09-26 03:48:38,-8.19,114.9675,84.06,63,58,3.42
547,Paita,PE,2021-09-26 03:48:39,-5.0892,-81.1144,64.67,86,90,13.0
548,Krasnoselkup,RU,2021-09-26 03:48:39,65.7,82.4667,38.19,60,11,11.41
549,Marawi,PH,2021-09-26 03:48:39,7.9986,124.2928,76.64,54,78,2.8
550,Gazojak,TM,2021-09-26 03:48:40,41.1875,61.4036,73.18,31,0,13.53
551,Luoyang,CN,2021-09-26 03:48:40,34.6836,112.4536,65.41,91,100,3.83
552,Primo Tapia,MX,2021-09-26 03:48:40,32.22,-116.9172,69.87,83,67,6.49
553,Verkhnevilyuysk,RU,2021-09-26 03:48:41,63.4453,120.3167,42.35,51,96,7.4
554,Dandong,CN,2021-09-26 03:48:41,40.1292,124.3947,75.07,62,38,1.95
555,Kawalu,ID,2021-09-26 03:48:41,-7.3817,108.2082,83.37,68,81,5.41
556,Obilnoye,RU,2021-09-26 03:48:42,44.2457,43.5613,42.19,72,4,7.67
557,Taitung,TW,2021-09-26 03:48:42,22.7583,121.1444,89.87,62,20,6.91
558,Kapuskasing,CA,2021-09-26 03:48:43,49.4169,-82.4331,46.4,93,40,4.61
559,Angoche,MZ,2021-09-26 03:48:43,-16.2325,39.9086,74.59,84,15,4.14
560,Leningradskiy,RU,2021-09-26 03:48:44,69.3833,178.4167,30.02,81,100,7.05
561,Chara,RU,2021-09-26 03:48:44,56.9064,118.2631,41.99,97,100,2.21
562,Wattegama,LK,2021-09-26 03:48:44,6.7989,81.4808,83.32,53,97,7.18
563,Palora,EC,2021-09-26 03:48:45,-1.7,-77.9333,63.54,87,100,2.98
564,Port Hedland,AU,2021-09-26 03:48:45,-20.3167,118.5667,87.85,35,0,14.97
565,Loei,TH,2021-09-26 03:48:46,17.4167,101.5,69.17,99,100,4.79
566,Machico,PT,2021-09-26 03:48:46,32.7,-16.7667,70.88,79,40,5.75
567,Moerai,PF,2021-09-26 03:48:46,-22.4333,-151.3333,75.29,74,68,14.76
568,Takoradi,GH,2021-09-26 03:48:47,4.8845,-1.7554,75.63,90,100,4.52
569,Santa Vitoria Do Palmar,BR,2021-09-26 03:48:47,-33.5189,-53.3681,56.59,97,45,1.1
570,Yakymivka,UA,2021-09-26 03:48:48,46.6897,35.1536,57.07,63,85,11.88
571,Fortuna,US,2021-09-26 03:48:48,40.5982,-124.1573,58.19,64,90,4.0
572,Saurimo,AO,2021-09-26 03:48:49,-9.6608,20.3916,63.59,56,43,2.01
573,Vostok,RU,2021-09-26 03:48:49,46.4856,135.8833,62.33,53,68,2.15
